{
  "_class": "sharedStyle",
  "do_objectID": "D6CE1990-E1E6-4D7C-B04A-F0F7BB63640D",
  "name": "Не активно",
  "value": {
    "_class": "style",
    "borderOptions": {
      "_class": "borderOptions",
      "dashPattern": [
      ],
      "isEnabled": false,
      "lineCapStyle": 2,
      "lineJoinStyle": 0
    },
    "borders": [
      {
        "_class": "border",
        "color": {
          "_class": "color",
          "alpha": 1,
          "blue": 0.9333333333333333,
          "green": 0.9215686274509803,
          "red": 0.9098039215686274
        },
        "fillType": 0,
        "isEnabled": true,
        "position": 1,
        "thickness": 1
      }
    ],
    "endDecorationType": 0,
    "fills": [
      {
        "_class": "fill",
        "color": {
          "_class": "color",
          "alpha": 1,
          "blue": 0.9764705882352941,
          "green": 0.9725490196078431,
          "red": 0.9647058823529412
        },
        "fillType": 0,
        "gradient": {
          "_class": "gradient",
          "elipseLength": 1.938260112371726,
          "from": "{0.16666483879089355, 0.11266380003894862}",
          "gradientType": 1,
          "shouldSmoothenOpacity": false,
          "stops": [
            {
              "_class": "gradientStop",
              "color": {
                "_class": "color",
                "alpha": 1,
                "blue": 0.8558673469387755,
                "green": 0.7787680146868833,
                "red": 0.1542276741425737
              },
              "position": 0
            },
            {
              "_class": "gradientStop",
              "color": {
                "_class": "color",
                "alpha": 1,
                "blue": 0.836401214082082,
                "green": 0.7409271637741112,
                "red": 0.1320045126540727
              },
              "position": 0.720434890172471
            },
            {
              "_class": "gradientStop",
              "color": {
                "_class": "color",
                "alpha": 1,
                "blue": 0.8588235294117647,
                "green": 0.7802243179880648,
                "red": 0.1490196078431372
              },
              "position": 1
            }
          ],
          "to": "{0.78058765887092552, 0.42639184217579784}"
        },
        "isEnabled": true,
        "noiseIndex": 0,
        "noiseIntensity": 0,
        "patternFillType": 1,
        "patternTileScale": 1
      }
    ],
    "miterLimit": 10,
    "sharedObjectID": "D6CE1990-E1E6-4D7C-B04A-F0F7BB63640D",
    "startDecorationType": 0
  }
}